{
    "total_samples": 13129,
    "per_domain": {
        "lightbox": {
            "count": 6740,
            "rotation_error": {
                "mean": 6.826920232929174,
                "std": 23.014504667609113,
                "median": 1.8982640203844294,
                "min": 0.03305440395511456,
                "max": 179.87103488819636
            },
            "translation_error": {
                "mean": 0.1837820414119552,
                "std": 0.9301088734074549,
                "median": 0.05468435701350412,
                "min": 0.0021174014545977116,
                "max": 39.5695836312148
            },
            "speed_score": {
                "mean": 0.14722989453982904,
                "std": 0.4634239334951878,
                "median": 0.04466072727714675
            },
            "heat_rotation_error": {
                "mean": 6.347309084462194,
                "std": 23.136868594315306,
                "median": 1.4969075265271203,
                "min": 0.03305440395511456,
                "max": 179.65887388069402
            },
            "heat_translation_error": {
                "mean": 0.18945403429296148,
                "std": 1.2060298562855394,
                "median": 0.049824819496538005,
                "min": 0.002404203820181164,
                "max": 39.5695836312148
            },
            "heat_speed_score": {
                "mean": 0.13874128910953282,
                "std": 0.4833972965257253,
                "median": 0.03689571895856066
            },
            "heat_kpt_rate": {
                "mean": 0.9148789767667772,
                "std": 0.19407310660406626,
                "median": 1.0
            },
            "segmentation_iou": {
                "mean": 0.9065681913021709,
                "std": 0.10403495851730413,
                "median": 0.9334052599305829
            },
            "segmentation_precision": {
                "mean": 0.9452979337057977,
                "std": 0.09788751227260803,
                "median": 0.9684002857332641
            },
            "segmentation_recall": {
                "mean": 0.9567856311017775,
                "std": 0.054598954287116114,
                "median": 0.9720871207649628
            },
            "segmentation_f1": {
                "mean": 0.9466426479469928,
                "std": 0.08107056316162131,
                "median": 0.965555726235616
            },
            "segmentation_pixel_accuracy": {
                "mean": 0.9914933292377597,
                "std": 0.021894305437635122,
                "median": 0.9960530598958334
            },
            "success_rate": {
                "detection": 0.9997032640949555,
                "pose_accuracy_5deg": 0.8489390117228075,
                "pose_accuracy_10deg": 0.9281050600979374,
                "heat_kpt_mean": 0.9148789767667772
            }
        },
        "synthetic": {
            "count": 3598,
            "rotation_error": {
                "mean": 1.283637565234077,
                "std": 3.026740733776417,
                "median": 0.9998298955681704,
                "min": 0.0,
                "max": 175.60064304018738
            },
            "translation_error": {
                "mean": 0.039005053850928936,
                "std": 0.037328523733789115,
                "median": 0.02756564455427519,
                "min": 0.0015320128295570612,
                "max": 0.7387359587372407
            },
            "speed_score": {
                "mean": 0.0288798102755601,
                "std": 0.05488268284547923,
                "median": 0.023569289862661616
            },
            "heat_rotation_error": {
                "mean": 0.9339078664220876,
                "std": 3.0583321661767857,
                "median": 0.6998437508148905,
                "min": 0.0,
                "max": 175.60064304018738
            },
            "heat_translation_error": {
                "mean": 0.03971670665736988,
                "std": 0.04124748569316305,
                "median": 0.02610890677936819,
                "min": 0.0022909440030474686,
                "max": 0.7387359587372407
            },
            "heat_speed_score": {
                "mean": 0.022582339099152755,
                "std": 0.056227959141486684,
                "median": 0.017914568091735222
            },
            "heat_kpt_rate": {
                "mean": 0.9672040022234575,
                "std": 0.09115811493639897,
                "median": 1.0
            },
            "segmentation_iou": {
                "mean": 0.9576446701133631,
                "std": 0.01894006261392065,
                "median": 0.9614577833509328
            },
            "segmentation_precision": {
                "mean": 0.9775298560116378,
                "std": 0.01306910914075889,
                "median": 0.9803593666358715
            },
            "segmentation_recall": {
                "mean": 0.9791199490907586,
                "std": 0.011712815004560792,
                "median": 0.9817801457809647
            },
            "segmentation_f1": {
                "mean": 0.9782669405841736,
                "std": 0.010048266917574333,
                "median": 0.9803502186096611
            },
            "segmentation_pixel_accuracy": {
                "mean": 0.9970372899585417,
                "std": 0.002510799735621066,
                "median": 0.9978841145833334
            },
            "success_rate": {
                "detection": 1.0,
                "pose_accuracy_5deg": 0.991106170094497,
                "pose_accuracy_10deg": 0.9981934408004447,
                "heat_kpt_mean": 0.9672040022234575
            }
        },
        "sunlamp": {
            "count": 2791,
            "rotation_error": {
                "mean": 13.338225205203274,
                "std": 33.2781436626834,
                "median": 3.178876712367886,
                "min": 0.12850264320562663,
                "max": 179.888971869519
            },
            "translation_error": {
                "mean": 0.2539807270810149,
                "std": 0.9522979288343812,
                "median": 0.11020208150148392,
                "min": 0.0012317163176407042,
                "max": 40.13313222235422
            },
            "speed_score": {
                "mean": 0.27369833178124,
                "std": 0.6352537391190745,
                "median": 0.07810715264709897
            },
            "heat_rotation_error": {
                "mean": 12.71128194818582,
                "std": 33.09980804670419,
                "median": 2.562878056050635,
                "min": 0.12850264320562663,
                "max": 179.87047564954597
            },
            "heat_translation_error": {
                "mean": 0.2621843360677166,
                "std": 1.2587458746235682,
                "median": 0.08281382705070683,
                "min": 0.0012317163176407042,
                "max": 40.13313222235422
            },
            "heat_speed_score": {
                "mean": 0.26292070560884795,
                "std": 0.6557047553294528,
                "median": 0.062207064905455946
            },
            "heat_kpt_rate": {
                "mean": 0.8583577712609971,
                "std": 0.26160719267093413,
                "median": 1.0
            },
            "segmentation_iou": {
                "mean": 0.883064694200117,
                "std": 0.08099834550273124,
                "median": 0.9031087265267477
            },
            "segmentation_precision": {
                "mean": 0.9162991878710022,
                "std": 0.07782355698324352,
                "median": 0.932920536635707
            },
            "segmentation_recall": {
                "mean": 0.9604170135333577,
                "std": 0.04195845612924868,
                "median": 0.9727065959059894
            },